,Lever Social Distance I,Lever Social Distance II,Lever Social Distance III,Lever Public Info,Lever Public Edu,Lever Facemasks,Lever Tracing,Lever Case Isolation,Lever Voluntary or Involuntary Vaccination,Lever Vaccination,Lever Medical Care I,Lever Medical Care II,Deceased population,Infectious population,Stock Total Effort,Stock Societal Stress
0,0.2786040823544555,0.7658628564922952,0.5435439471136804,0.16051217431688333,0.6918076343191332,0.03438735290993569,0.7194019018623206,0.8531257281333219,0.34474358991877985,0.7481627719205902,0.9503262245623749,0.5039958612612883,37561.06640625,441.10636339771156,1492.0745849609375,66.88739776611328
1,0.6015463851806708,0.9924638311372163,0.9286019883466026,0.34813732732949404,0.8683582557441621,0.7375906008243582,0.8751575216832764,0.5522469183260578,0.27406481782309233,0.8572469043371801,0.8676474241428298,0.5245482995789233,37562.6171875,419.57365043814224,1693.558837890625,74.8034896850586
2,0.6200773742232996,0.4700594186499458,0.7444829820070576,0.07523298870802797,0.15597432524684873,0.5451842651439642,0.7257792843131899,0.719936906591307,0.8497533030603951,0.5740827252666709,0.9582907961825167,0.6908400133116349,38313.26953125,427.8644492913203,1598.1734619140625,73.66368865966797
3,0.5504251871985576,0.9924638311372163,0.9286019883466026,0.34813732732949404,0.3340552601434786,0.7375906008243582,0.8751575216832764,0.5522469183260578,0.27406481782309233,0.8572469043371801,0.9296891596334012,0.5245482995789233,37562.3671875,421.49620259831835,1657.310546875,74.7126235961914
4,0.5504251871985576,0.9924638311372163,0.9286019883466026,0.5257107989560695,0.3340552601434786,0.7775571180942833,0.8751575216832764,0.5522469183260578,0.27406481782309233,0.8572469043371801,0.9296891596334012,0.5306624779084609,37562.46484375,419.6517452278014,1697.0059814453125,74.93111419677734
5,0.4092368620640219,0.41226982864002637,0.5051541993762347,0.966589175402187,0.9613109476439831,0.03103131812145049,0.7421931689547038,0.2284086939154537,0.3537763298232641,0.5718971282065988,0.1780487657961224,0.5786208200611653,37561.0625,510.9319539355697,1025.56201171875,43.90316390991211
6,0.40600705382257596,0.3581543397680004,0.5051541993762347,0.6637301976907323,0.9613109476439831,0.9373949589071553,0.7387617843513974,0.09374308520883101,0.47098787777229945,0.5718971282065988,0.16266736089370287,0.5786208200611653,37561.53125,506.06373706535936,1077.279296875,44.9597053527832
7,0.2786040823544555,0.11292467693173312,0.5964089760587324,0.16877714827222987,0.6918076343191332,0.06631066645097494,0.7090584631621656,0.11399162981206962,0.34474358991877985,0.6420762393369692,0.022573453023915696,0.31096920261322897,37611.75390625,560.2869498294295,692.3251953125,41.63134765625
8,0.289544520524454,0.7638263731069188,0.5456199116815948,0.16816553302545972,0.8665989476842789,0.7375906008243582,0.8744513544895963,0.5522469183260578,0.27406481782309233,0.8400471405569933,0.8676474241428298,0.5245482995789233,37561.44921875,436.5006015608995,1536.9613037109375,67.57148742675781
9,0.28959752729320526,0.10680602584387622,0.5456199116815948,0.16816553302545972,0.6918614021643815,0.7537386486236106,0.8744513544895963,0.5522469183260578,0.27406481782309233,0.8413313454693603,0.7960278514021144,0.5245482995789233,37560.5546875,441.95660163831025,1446.245849609375,66.19953155517578
10,0.5892284130495858,0.9924638311372163,0.9286019883466026,0.5289702932577912,0.8683582557441621,0.7379526306143301,0.8751575216832764,0.5522469183260578,0.27406481782309233,0.8400471405569933,0.9617670508660021,0.5307394669696863,37562.625,417.76256647783936,1739.1566162109375,75.01732635498047
11,0.22092480182601143,0.7096691584580364,0.4991268581013897,0.8879043397034067,0.7635089855982603,0.9403121490464876,0.29851252933960376,0.07330887374634693,0.2656503891954107,0.5547542408711835,0.951062018185212,0.30220881859419046,37596.734375,575.2308628064228,696.4678955078125,40.008628845214844
12,0.21243765174752394,0.7096691584580364,0.46832125869470265,0.5414640383612789,0.7557030499777004,0.7328826031855955,0.8801526054927675,0.8100993902258237,0.9815078835326774,0.5621355258747724,0.9515506113509045,0.5256502164326493,38311.515625,458.18684426337916,1502.9862060546875,63.287986755371094
13,0.28659172193017773,0.7638263731069188,0.5456199116815948,0.16816553302545972,0.8665989476842789,0.27004420203446344,0.29276255173088045,0.5663683679793842,0.27406481782309233,0.8326583497102061,0.8676474241428298,0.3986394363705463,37564.84765625,493.6277483082576,1085.699462890625,63.60900115966797
14,0.41588659752678164,0.8420204471045508,0.5512042619893208,0.21042706178846501,0.3071074690244721,0.6465685204028055,0.7190692357626329,0.3517369394851767,0.7656810495455848,0.7946463843641653,0.9442123253152636,0.4416392247067592,38331.9453125,545.5179450355533,819.148193359375,45.69061279296875
15,0.409117455304496,0.6967226260171796,0.9844118548133516,0.3583146414937449,0.17516659625155098,0.04321337540188918,0.924643400455196,0.5651102002940089,0.27406481782309233,0.8572469043371801,0.43830394582894805,0.6834819681953195,37558.80078125,453.35120177668676,1344.8411865234375,66.4309310913086
16,0.39411415871129485,0.6944469866100387,0.9584326665795496,0.21742112310185666,0.17516659625155098,0.7375906008243582,0.9180342103186901,0.34852560451262027,0.27406481782309233,0.7945718852287804,0.43830394582894805,0.49615739780074947,37603.859375,552.322784992103,764.6597290039062,43.95631408691406
17,0.39928371620002545,0.41226982864002637,0.5051541993762347,0.9818843389478565,0.5558840192410788,0.03103131812145049,0.347932769470784,0.39053676781951774,0.34843325949205706,0.6015556606947028,0.1780487657961224,0.5786208200611653,37558.33984375,527.0328248197046,917.6795654296875,40.18229675292969
18,0.4142382621369617,0.7510778611192195,0.523640371774436,0.16768055157064163,0.9416889466278098,0.9494670924966586,0.8746529044774844,0.36670359023610594,0.2793483438705755,0.8560447895311603,0.8794207973546915,0.5256469135695663,37562.03515625,491.1269722984743,1246.1611328125,47.65135192871094
19,0.20387477479248486,0.3581543397680004,0.5270241927259613,0.28180960587110643,0.9613109476439831,0.9566288279999443,0.726314623168483,0.12689334069366667,0.47098787777229945,0.8510519494510993,0.16266736089370287,0.2957534184078805,37607.13671875,555.3435812539516,756.7191772460938,42.72650146484375
20,0.39928371620002545,0.4078350201510388,0.5791436849971728,0.9818843389478565,0.5558840192410788,0.03103131812145049,0.347932769470784,0.5526764253805152,0.34843325949205706,0.6015556606947028,0.1780487657961224,0.5786208200611653,37554.46875,469.6528592454042,1228.84375,63.01570510864258
21,0.20387477479248486,0.3581543397680004,0.47422420460848325,0.28180960587110643,0.8722000399250605,0.9566288279999443,0.7252386150396037,0.12689334069366667,0.4057089182041939,0.6806353910583254,0.16266736089370287,0.2957534184078805,37620.9296875,580.01367716536,657.7454223632812,32.42524337768555
22,0.024477230247565714,0.4573907851947904,0.32011095811723755,0.8790540144385703,0.6890252082260677,0.3403487963191284,0.782196731679639,0.23504454526201926,0.34502835938968734,0.8897911263094173,0.2942168586796613,0.9417767582490342,37558.96875,534.5107767332138,918.6442260742188,34.3676643371582
23,0.6187413886359265,0.437756713274533,0.36561273767317704,0.006810443866486526,0.14158479942027166,0.5451842651439642,0.3264558400584373,0.21262332059439115,0.3049718669727491,0.7482067156627241,0.9709616730720354,0.6908400133116349,37558.0859375,519.8091442471638,993.5081176757812,45.584312438964844
24,0.409117455304496,0.6967226260171796,0.9647192079480535,0.30715651163225643,0.17516659625155098,0.04321337540188918,0.29679676691748585,0.5651102002940089,0.27406481782309233,0.8572469043371801,0.43830394582894805,0.30523223641031194,37566.3046875,507.051380419781,984.6647338867188,62.9951057434082
25,0.39928371620002545,0.4078350201510388,0.3190679198877072,0.9818843389478565,0.5558840192410788,0.062473969342826646,0.347932769470784,0.5526764253805152,0.34843325949205706,0.5819991491183882,0.1780487657961224,0.5786208200611653,37550.421875,494.17666979864555,1131.3367919921875,49.69034194946289
26,0.409117455304496,0.6967226260171796,0.9647192079480535,0.08779683363224486,0.17516659625155098,0.04321337540188918,0.29679676691748585,0.349505513658677,0.27406481782309233,0.8572469043371801,0.43830394582894805,0.30523223641031194,37626.4921875,573.7585751369884,568.5748901367188,39.605350494384766
27,0.17853652393284367,0.403615216053433,0.5719066081202699,0.26822247701740437,0.736810131119132,0.21420322363888494,0.3179625296006937,0.02141004555579269,0.22961006459671596,0.8529913409477238,0.8783877333022065,0.45268531912723997,37598.51953125,564.0741684976425,694.8519897460938,38.34962463378906
28,0.2869614064603796,0.39544954523256337,0.5787347270191809,0.21033967487274616,0.8665989476842789,0.7631319719999438,0.3068060784387154,0.5522469183260578,0.2524399968694102,0.8400471405569933,0.8676474241428298,0.6872327402203685,37557.70703125,456.6337003389905,1418.0546875,63.94257354736328
29,0.026194803379114756,0.4321081171215502,0.5224098138482783,0.16768055157064163,0.9558107895592014,0.9492892859225593,0.37557292863026037,0.36670359023610594,0.2281873320821067,0.8414346801517221,0.8841327236575482,0.5245121922773892,37558.65234375,512.4547693370941,1078.396728515625,43.011940002441406
30,0.17853652393284367,0.403615216053433,0.5719066081202699,0.26822247701740437,0.736810131119132,0.21420322363888494,0.3179625296006937,0.5648693851828046,0.25201728011982777,0.8529913409477238,0.8783877333022065,0.4469025716325414,37564.19140625,499.5802829075953,1034.5654296875,62.09307861328125
31,0.010820155796306472,0.4573907851947904,0.2982031362981119,0.8649119299824961,0.1584778991022428,0.950979525957043,0.34583686959425347,0.22483074761471275,0.40832751412004675,0.7072719647871517,0.2942168586796613,0.9449467469992873,37555.72265625,550.2475664686207,836.880859375,30.03738784790039
32,0.5892284130495858,0.9924638311372163,0.944331210630348,0.5289702932577912,0.1628658679048769,0.7379526306143301,0.3241083914537904,0.5191221251210104,0.3071540602137434,0.574316407953621,0.8958110296271211,0.5307394669696863,37560.921875,433.81680457399125,1529.5048828125,73.34561157226562
33,0.4696586990471389,0.6969408582858156,0.5212406654124006,0.17346419118958262,0.7950342989258181,0.16758011401453898,0.8895132112340959,0.36670359023610594,0.20999094411314115,0.8414346801517221,0.8841327236575482,0.5245121922773892,37561.578125,495.8491407356166,1194.4381103515625,46.351646423339844
34,0.20387477479248486,0.3581543397680004,0.419524004702918,0.284144659028413,0.8005557354894446,0.9566288279999443,0.2922689711509992,0.08714848125797381,0.39818030598480164,0.6806353910583254,0.16266736089370287,0.2957534184078805,37644.0859375,598.6135661019016,490.2547302246094,26.299266815185547
35,0.437370782344996,0.4573907851947904,0.2991434043882125,0.8649119299824961,0.18007474457565503,0.950979525957043,0.8752860482524454,0.22639485775420137,0.36046204809448584,0.7101299947975278,0.9157691741505867,0.9449467469992873,37558.73046875,520.2720207677123,1046.3414306640625,35.945858001708984
36,0.28805541132717444,0.09674449686336076,0.2834148377198621,0.16816553302545972,0.7207245936329308,0.9326838589829035,0.8744513544895963,0.5442973174423251,0.2898478646271064,0.7130489787037441,0.7913159250939741,0.5256461315556611,37558.15234375,464.3048360482735,1378.110595703125,55.64639663696289
37,0.17853652393284367,0.403615216053433,0.5719066081202699,0.8887742879269813,0.736810131119132,0.21420322363888494,0.3179625296006937,0.46406196917783193,0.25201728011982777,0.8529913409477238,0.9166075939351042,0.4469025716325414,37597.33984375,561.6892270179986,714.3137817382812,38.918235778808594
38,0.010820155796306472,0.4573907851947904,0.5604082104033759,0.8649119299824961,0.057332580969201394,0.950979525957043,0.34583686959425347,0.2327803532995932,0.40832751412004675,0.8501644408626801,0.2942168586796613,0.9449467469992873,37558.58203125,524.6815083944175,953.6697998046875,41.56661605834961
39,0.010820155796306472,0.4573907851947904,0.41895097418611366,0.8724354804198966,0.057332580969201394,0.1408423721001807,0.34583686959425347,0.0639720596014247,0.40832751412004675,0.8501644408626801,0.4110324718697399,0.9449467469992873,37554.18359375,555.8283375887236,789.08984375,27.017601013183594
40,0.6209042931759694,0.6979930580421614,0.5471142452059772,0.0663334678826207,0.9830740924646143,0.2066032055861257,0.2891914032632508,0.6907320291792449,0.8622359618171977,0.5740793111512702,0.975756688031099,0.5281555726701486,38312.16796875,440.45071410759994,1482.842529296875,72.4913330078125
41,0.4157768802452432,0.37042298472141966,0.5107418922162604,0.16035679530626135,0.09669499521302949,0.963077372912538,0.876593586678032,0.36670359023610594,0.2281873320821067,0.8414346801517221,0.911862833527346,0.5245121922773892,37560.4765625,499.14755536912423,1134.229736328125,44.77264404296875
42,0.5892284130495858,0.9746803363169028,0.9291358076010848,0.5295703203173501,0.8683582557441621,0.26663648933021256,0.8873467649487601,0.5191221251210104,0.27406481782309233,0.5550302263842743,0.9617670508660021,0.5307394669696863,37562.31640625,422.2652228112009,1677.1356201171875,74.52706909179688
43,0.004054043225051901,0.8233324925870495,0.5208459619725636,0.09013451039391543,0.8094464812867939,0.903091459425546,0.3458997912089384,0.3423588155750869,0.21957551052819335,0.7027129565773388,0.27656847495964687,0.3668904537009108,37615.50390625,565.7407397158358,645.9708862304688,41.70317077636719
44,0.5914876197786594,0.09674449686336076,0.28538353192620125,0.17090988983667255,0.7207181303840757,0.9326838589829035,0.8744513544895963,0.5442973174423251,0.2945068533652341,0.7130489787037441,0.7648907038424758,0.5545926067554037,37560.26953125,446.24165550231675,1541.3585205078125,65.90771484375
45,0.4353189546454738,0.4793303019942715,0.32252184695568364,0.9818843389478565,0.4652758488128035,0.07344418948609296,0.34956226237851673,0.5526764253805152,0.35232860158026547,0.9220676812505337,0.23340233266316493,0.6878135541322821,37548.83984375,497.0675654230342,1101.7882080078125,49.1325569152832
46,0.00976394103137973,0.3231456934807597,0.32242829750742946,0.007584885191854623,0.20101116538873992,0.3449761047196336,0.348686087846183,0.16577232780359302,0.2221456734731247,0.8154268855423669,0.9767171145683723,0.6908400133116349,37553.09375,546.0957638862077,936.479736328125,27.814077377319336
47,0.6654182956150676,0.5937974550352618,0.5101115724658688,0.16035679530626135,0.07692955004562217,0.8842695123494972,0.876593586678032,0.36670359023610594,0.2886346819756564,0.8414346801517221,0.911862833527346,0.528203049344261,37562.890625,474.0078529165787,1316.1658935546875,58.84576416015625
48,0.6680120225855549,0.40593975567140794,0.3998708214767606,0.8562506505977409,0.057332580969201394,0.13545313063411968,0.2899022863601759,0.02570351415545609,0.4056243452141859,0.5747943048324766,0.4110324718697399,0.927603242836755,37557.8828125,535.0464882143668,841.6409912109375,43.9525032043457
49,0.5853008443224665,0.9746803363169028,0.9291358076010848,0.5295703203173501,0.8683582557441621,0.26663648933021256,0.22546013798298792,0.34546554839683197,0.21993603486603483,0.5550302263842743,0.9181366169026867,0.5307394669696863,37561.4140625,489.6986432230213,1162.6295166015625,55.852195739746094
50,0.28641446026036455,0.39141488746817954,0.4181631596750974,0.28180960587110643,0.8762511008149863,0.15164528946163186,0.28942931339893885,0.006755919121009424,0.2886196940100422,0.7538291252666931,0.15633936409567845,0.29259426216524553,37653.9765625,604.3308890668636,425.8680419921875,23.67757225036621
51,0.003187700607047651,0.40432096836976905,0.40610414206469364,0.8562506505977409,0.04901559119155241,0.9105580410778891,0.6506057766001759,0.06017089526008789,0.3544991974168307,0.5747943048324766,0.4110324718697399,0.8841125655252895,37559.1953125,532.244910914786,936.1193237304688,34.66249465942383
52,0.012205761188475883,0.9095107785961599,0.5208459619725636,0.09013451039391543,0.8062696778416191,0.903091459425546,0.3483713001102337,0.3482858466805421,0.21957551052819335,0.7023716033141726,0.24732265613964038,0.6765864059249909,37560.33984375,518.3282354280179,994.0421142578125,44.97938537597656
53,0.20820815679629207,0.403615216053433,0.5730061533250159,0.15235230648323084,0.05722783054746183,0.21377814997616523,0.25498910870645725,0.46406196917783193,0.26574160966854676,0.8529913409477238,0.8671375085136006,0.4206223762057059,37601.55859375,567.0655986396406,665.2947998046875,38.1163330078125
54,0.28754289847485326,0.4793303019942715,0.32170888169303374,0.17653009355271287,0.4652758488128035,0.06594002850770175,0.32846302553623913,0.5907706828118358,0.35232860158026547,0.9051190511544552,0.23340233266316493,0.5188492969252932,37548.0546875,499.7224842644198,1082.3321533203125,47.893333435058594
55,0.012205761188475883,0.9095107785961599,0.5208459619725636,0.5248665347262925,0.8062696778416191,0.903091459425546,0.3483713001102337,0.3482858466805421,0.21957121531911394,0.7023716033141726,0.9653886878491297,0.7390723721117496,37560.3984375,504.43247685434574,1148.9893798828125,46.86833953857422
56,0.2881561640419694,0.3973253821711475,0.5471142452059772,0.05892618481421916,0.15597432524684873,0.2586804491125393,0.34443924731436515,0.7197571999039581,0.26289247879385985,0.5740793111512702,0.975756688031099,0.5281555726701486,37555.828125,463.90395216031885,1366.806396484375,62.74472427368164
57,0.2826413901981032,0.40508711727624425,0.3283623611777816,0.28180960587110643,0.7190885463817684,0.20024794542376606,0.6501328025074637,0.006755919121009424,0.2886196940100422,0.7538291252666931,0.2397620362938477,0.29259426216524553,37627.0390625,585.4403772130615,593.3536987304688,31.148056030273438
58,0.023673211084397655,0.4516349984469939,0.40562170147511406,0.8372161999570445,0.8065200561322652,0.9105580410778891,0.6506057766001759,0.5683593083140446,0.3679304781640723,0.5734702320437502,0.4148747614407061,0.7546843330255212,37556.51953125,472.2315224506368,1316.793701171875,56.071266174316406
59,0.21198122685855358,0.403615216053433,0.5719066081202699,0.8887742879269813,0.8659403344075373,0.9115652405617269,0.3179625296006937,0.46406196917783193,0.251962812052506,0.8870485529549754,0.8671375085136006,0.4647487700159345,37593.8515625,556.7024020768041,736.0108032226562,40.44725799560547
60,0.21045324841979302,0.36958123495166056,0.4550171662961517,0.15198959276290114,0.05722783054746183,0.21377814997616523,0.25498910870645725,0.46406196917783193,0.26574160966854676,0.8529913409477238,0.8671375085136006,0.4206223762057059,37613.80859375,594.1171799188896,574.6051025390625,24.736082077026367
61,0.28040429519869936,0.4060284885855847,0.3361250953230175,0.2979071420531252,0.46916732947118134,0.8540544257444141,0.3264886374561394,0.5951421228192217,0.2654659330132691,0.8400471405569933,0.932087835338642,0.7544660397740626,37553.6875,483.58051370825007,1297.825927734375,50.795108795166016
62,0.25528929226247665,0.43196008923177076,0.578903391425441,0.17979723665160527,0.7765653290252015,0.06594002850770175,0.3638030345064253,0.5752251302653033,0.35232860158026547,0.8585803112328124,0.23340233266316493,0.5188492969252932,37554.14453125,471.8472567205385,1208.7720947265625,62.522830963134766
63,0.6386901068692294,0.4718467510314612,0.6005408896595565,0.05892618481421916,0.15597432524684873,0.2946669248090467,0.3620784008272408,0.011927727721461112,0.40806228759641944,0.8494494136480395,0.9605371911805912,0.5281555726701486,37559.51171875,500.20628152377583,1062.4864501953125,54.177642822265625
64,0.6386901068692294,0.4710809465075706,0.38035603090402015,0.05892618481421916,0.15597432524684873,0.2946669248090467,0.3482852002658334,0.011927727721461112,0.3983160684696473,0.8494494136480395,0.4283496632276662,0.5281555726701486,37557.56640625,537.8095365802096,821.5691528320312,42.9503173828125
65,0.012205761188475883,0.9094422222087558,0.4268014604482902,0.09013451039391543,0.8063576178393953,0.903091459425546,0.2795304355404505,0.3558492358363717,0.2934579238434863,0.5859997949413482,0.26211245974207603,0.523191167491521,37558.28125,542.6728995063378,877.2508544921875,40.29273223876953
66,0.005044815686714749,0.024998682284322546,0.3770150151498814,0.12156453572678515,0.4605167836018299,0.25416187062928663,0.3282617821613815,0.1057832748981311,0.3520046469711854,0.5212958083841239,0.10053884606172608,0.26153144319545696,37662.8046875,607.967619018122,403.1431884765625,23.06642723083496
67,0.01529436106331633,0.4885567190681954,0.6258653049714249,0.8372161999570445,0.16794786884570911,0.9105685988028949,0.6506057766001759,0.5289981538677109,0.8578205095917252,0.576753008746023,0.9803744418993748,0.8162420302084551,38311.66796875,444.1005455685484,1436.15380859375,66.4037857055664
68,0.6386901068692294,0.4718467510314612,0.6028647606448332,0.05892618481421916,0.7947901535135866,0.29524877541160005,0.6510492037166609,0.011927727721461112,0.40806228759641944,0.8494494136480395,0.9605371911805912,0.5281555726701486,37562.13671875,481.9310364085431,1211.1011962890625,57.1441764831543
69,0.21045324841979302,0.4035947334411319,0.5730061533250159,0.08816525414051227,0.05722783054746183,0.21377814997616523,0.25498910870645725,0.4164304586126399,0.26574160966854676,0.8529913409477238,0.26579822305454515,0.454952700382138,37638.296875,580.1765464808901,519.9340209960938,37.476806640625
70,0.6189283008963509,0.40543095098900056,0.5741025901435086,0.05928890163460514,0.15597432524684873,0.24572341976165024,0.3341990429558385,0.7149126109602288,0.25536947175952923,0.5740793111512702,0.975756688031099,0.7931758401268774,37558.609375,446.35265814120834,1402.1434326171875,71.20303344726562
71,0.2848031110347857,0.8932064956198128,0.5719066081202699,0.8090191309926202,0.8492971926545927,0.9409207895734772,0.9606452228053057,0.5519950801505791,0.25267220333281976,0.8565614178007387,0.7921092331287392,0.5244313721165643,37561.51953125,434.6210378867231,1565.4239501953125,67.85376739501953
72,0.2831413411828433,0.6969985905354371,0.5212406654124006,0.16776406664662438,0.8507522097290844,0.943270415454786,0.7631026667377824,0.014106875401008162,0.2530275945420284,0.558845134858624,0.287324358869081,0.5244215695044656,37562.40625,502.61641816960156,1133.105224609375,46.257808685302734
73,0.2865890522028586,0.4054850055784729,0.5748051826923614,0.05928890163460514,0.15597432524684873,0.24572341976165024,0.3341990429558385,0.7149126109602288,0.25536947175952923,0.5740793111512702,0.18847202686252762,0.7931758401268774,37552.828125,474.2883832745023,1196.9688720703125,62.303916931152344
74,0.3670843954402326,0.4700211590744597,0.42144517500599515,0.278392027540837,0.8268077499887178,0.9093879537401806,0.867784612128479,0.004038331944736351,0.28503087861814796,0.7711892028500336,0.9642695013710745,0.5220976703085329,37559.078125,519.8546565594816,1064.4180908203125,36.342552185058594
75,0.28416936863686376,0.43922755183268597,0.4203678326719491,0.09125481731246997,0.8952207429718233,0.2761544567834684,0.7742354295229753,0.006755919121009424,0.2922217880923166,0.8322534529690019,0.2587523408618506,0.5284828931111661,37558.640625,537.1020372324011,899.6322021484375,33.79601287841797
76,0.2848031110347857,0.8932064956198128,0.5719066081202699,0.8090191309926202,0.8492971926545927,0.9409207895734772,0.9748376783506126,0.01254819140073593,0.25267220333281976,0.8565614178007387,0.7921092331287392,0.5244313721165643,37562.09765625,489.0858537069032,1265.1705322265625,47.97407913208008
77,0.28040429519869936,0.46052985968431664,0.5266643489082439,0.2979071420531252,0.46916732947118134,0.9432598440886849,0.25205915445325,0.5951421228192217,0.2654659330132691,0.9001001685582176,0.932087835338642,0.5245481794971925,37556.984375,458.9364878964272,1388.50048828125,63.7492790222168
78,0.14736562158388447,0.4137613584268838,0.5682459041745657,0.061527977370778336,0.05770284100136847,0.30398506064583086,0.33483569637848637,0.70039029319679,0.25499817280420534,0.5615343490229228,0.26579822305454515,0.4512325230388424,37566.09375,513.2504384631695,934.576904296875,61.44110870361328
79,0.20539289350237494,0.403615216053433,0.52765041474245,0.8887742879269813,0.4617705234666173,0.9446354687214291,0.25359225841428346,0.46406196917783193,0.26398080339834634,0.9000272162995975,0.8671375085136006,0.4647487700159345,37596.32421875,559.5865078331911,706.4546508789062,40.08100509643555
80,0.6283486041148104,0.38441451927721304,0.4368022111112638,0.06238813236710847,0.14447008164440114,0.23458571909711542,0.36610882163259295,0.711095712986556,0.2613538072646272,0.5199333291360932,0.9759508784694396,0.5710497695924971,37556.03515625,470.4272224422264,1311.4658203125,60.69334411621094
81,0.27957474327221044,0.40355701631043456,0.4007143790594216,0.278392027540837,0.8268077499887178,0.9093879537401806,0.6514969735230025,0.03572390411137702,0.2223299313532207,0.7394213645274762,0.9456383473765455,0.33062259675167677,37593.1875,566.995056905365,712.2342529296875,34.74500274658203
82,0.20539289350237494,0.4023022954126201,0.3969236206410442,0.8887742879269813,0.4617705234666173,0.9446354687214291,0.25359225841428346,0.46406196917783193,0.26398080339834634,0.900031592258974,0.8671375085136006,0.4647487700159345,37606.515625,585.7190639163293,615.7625122070312,29.01374626159668
83,0.27115917844194587,0.5114269250039194,0.5698082030297429,0.3197557514645929,0.8444356337042891,0.06594002850770175,0.28112601141840876,0.5724552305699022,0.2652811814891151,0.7818255649784535,0.7800895050992018,0.5180874048908908,37558.62890625,455.67544823656505,1447.5050048828125,64.47180938720703
84,0.279963239673863,0.41631320541845684,0.32170888169303374,0.30901536128002305,0.1911770990555973,0.8691113750700019,0.724739888719748,0.5724552305699022,0.2574171181200068,0.7830418414254772,0.15653711832693604,0.51813804270151,37555.15234375,477.26667564957546,1228.4361572265625,54.714908599853516
85,0.4302303129559394,0.7165141463044962,0.5719066081202699,0.8075728828327797,0.10372657210593654,0.9409207895734772,0.9606452228053057,0.01476388216496588,0.25267220333281976,0.8565571384818405,0.24787572728593438,0.5244313721165643,37562.296875,502.95817072829846,1115.0250244140625,46.326271057128906
86,0.27027141803838445,0.4129511963689759,0.4028867187243467,0.5309458996612961,0.9156347979603916,0.14181159681809619,0.32282591247871983,0.006755919121009424,0.2223299313532207,0.8518918420620755,0.16201181952366006,0.33280654657152364,37650.39453125,601.445230488811,474.6037902832031,24.985477447509766
87,0.16267880847367644,0.41622977299136843,0.32170888169303374,0.30901536128002305,0.1911770990555973,0.2436814778814007,0.6924271644291218,0.5724552305699022,0.2574902940584396,0.7830418414254772,0.15653711832693604,0.5166146087109404,37553.83203125,482.52393178967975,1183.5477294921875,53.0317497253418
88,0.27957474327221044,0.4913755524594937,0.4007143790594216,0.5224410059341436,0.8268077499887178,0.9206365756722784,0.6514969735230025,0.03572390411137702,0.3023988230951811,0.7394213645274762,0.9456383473765455,0.3192560622912518,37592.20703125,564.4254126943442,760.9766235351562,35.135154724121094
89,0.27027141803838445,0.40888682477094196,0.4028867187243467,0.524584972286768,0.9156347979603916,0.9500599103446008,0.32282591247871983,0.01445560822551211,0.2223299313532207,0.8518918420620755,0.16201181952366006,0.5050636773548006,37556.80078125,547.0307515398858,848.6846923828125,30.933074951171875
90,0.4302303129559394,0.7165141463044962,0.5719066081202699,0.8075728828327797,0.10372657210593654,0.9409207895734772,0.9606452228053057,0.6814151831681274,0.25267220333281976,0.8358765057646051,0.24787572728593438,0.5244313721165643,37559.96875,446.66414943780154,1423.6878662109375,67.46237182617188
91,0.20539289350237494,0.4046072917836018,0.5673922759378097,0.8963418429430776,0.4617705234666173,0.9446354687214291,0.25359225841428346,0.686224274741339,0.26398080339834634,0.9000272162995975,0.8671375085136006,0.4647487700159345,37564.2890625,494.9553448919785,1102.18994140625,63.33205032348633
92,0.2797926368290209,0.7131074630184066,0.40176942106279345,0.278392027540837,0.8268077499887178,0.13349327878646694,0.6514969735230025,0.00688711463948098,0.25508211487386506,0.7394213645274762,0.2820708025019282,0.34396728215003153,37616.734375,578.381486763125,643.443603515625,41.597808837890625
93,0.14384420167827347,0.4116657298971051,0.34005057031245267,0.007584885191854623,0.1333960392188842,0.9388864222096259,0.2960621087609793,0.46140086552729775,0.2221456734731247,0.5598412175512022,0.9636855440832286,0.4967801698236898,37608.32421875,588.5149587870426,596.3018188476562,27.60967254638672
94,0.2848031110347857,0.7165141463044962,0.5528049829112212,0.09766512412267553,0.8492971926545927,0.9409207895734772,0.30620712970078573,0.01476388216496588,0.25267220333281976,0.8565571384818405,0.7921092331287392,0.5244313721165643,37560.0703125,506.6033382558623,1129.532470703125,46.47855758666992
95,0.6275921866443952,0.39901064938511244,0.6160851210514374,0.16832473204035825,0.8440160680289353,0.29524877541160005,0.7663252260989797,0.6247227419886918,0.4108262398360837,0.8320644526387709,0.9313428000756078,0.5215245873259511,37561.57421875,429.48840655011617,1575.93603515625,73.23397064208984
96,0.20722542581561976,0.48556100552080994,0.528504042979206,0.8983785340999217,0.05132668349624153,0.31080384606287187,0.33483569637848637,0.4563796399474601,0.25499817280420534,0.5644573908128463,0.9348553901670118,0.45106450682339305,37600.18359375,564.6350190765564,684.757080078125,38.6968879699707
97,0.20539289350237494,0.4023022954126201,0.3969236206410442,0.7382711955617584,0.8774206328718872,0.9446354687214291,0.8779281251377189,0.5840691974355542,0.26398080339834634,0.900031592258974,0.8671375085136006,0.7022550433519958,37558.68359375,461.97919549279965,1406.5740966796875,56.536991119384766
98,0.16267880847367644,0.41607530941346765,0.32170888169303374,0.30607158535942536,0.1911770990555973,0.2436814778814007,0.3665019015314018,0.5724552305699022,0.2574902940584396,0.7830418414254772,0.9469282729573076,0.5204526961851764,37551.9609375,488.9751850781479,1276.1337890625,48.656490325927734
99,0.14384420167827347,0.4116657298971051,0.34005057031245267,0.007584885191854623,0.1333960392188842,0.9388864222096259,0.2960621087609793,0.46140086552729775,0.2221456734731247,0.5598412175512022,0.17009005850128073,0.4967801698236898,37651.5625,602.1782956306023,450.93719482421875,25.739208221435547
100,0.6132227971842831,0.5282312758017618,0.7115619393353407,0.19613985887588492,0.09881597028616163,0.2870986049727229,0.8957188171139492,0.6876097141433436,0.2592693924447445,0.7610567968135162,0.7694169715370094,0.5273772629740999,37561.92578125,426.09875999265944,1612.4202880859375,74.19347381591797
101,0.14597221815163108,0.4116657298971051,0.7031099657549732,0.19168089484624506,0.1333960392188842,0.9470351323719116,0.3697649410230928,0.4440012596009982,0.19590630691387195,0.546294415552461,0.9466279457169283,0.4967801698236898,37597.48046875,561.9654155635874,686.9920654296875,39.551151275634766
102,0.6189283008963509,0.4055760740097734,0.5741025901435086,0.051156005973978694,0.15648824541058265,0.18071623229601205,0.6446562227389894,0.6816850921111358,0.25536947175952923,0.8493665603294585,0.9814940031795064,0.7564931840591228,37560.95703125,431.5573207022177,1533.785888671875,73.10772705078125
103,0.2765868358343518,0.49892182113153916,0.40430232440400754,0.27971681519547165,0.04791957272276043,0.061642191289105606,0.6645843002648177,0.00688711463948098,0.25222739519552934,0.7394213645274762,0.2820708025019282,0.34396728215003153,37632.7109375,588.8491764144012,551.2054443359375,30.106576919555664
104,0.5217142790331333,0.41607530941346765,0.3355200245151693,0.28742957915176326,0.1911770990555973,0.25696970327789675,0.8756032860472399,0.5724552305699022,0.2574902940584396,0.9204737981573057,0.9469282729573076,0.5204526961851764,37559.09375,453.8042676551234,1453.5577392578125,64.37381744384766
105,0.6650406549197696,0.3413690872558274,0.7031099657549732,0.19168089484624506,0.1333960392188842,0.9470351323719116,0.3697649410230928,0.44416296114725334,0.19590630691387195,0.546294415552461,0.9466279457169283,0.4967801698236898,37589.3203125,540.6627777239299,820.3851928710938,53.9012336730957
106,0.1533855141527139,0.4116657298971051,0.7031099657549732,0.19168089484624506,0.1333960392188842,0.9388864222096259,0.8734267397868647,0.46123916398104264,0.21205359112537936,0.546294415552461,0.9636855440832286,0.4967801698236898,37588.01171875,545.6125371743813,769.0557250976562,42.96768569946289
107,0.269948973310583,0.41626830715038887,0.1305952407244313,0.30901536128002305,0.1801083967045012,0.8691113750700019,0.7102469466737664,0.5724552305699022,0.257391534718786,0.7830418414254772,0.9610872133442208,0.51813804270151,37557.4765625,466.8876318027857,1341.863525390625,55.213130950927734
108,0.26189711220371814,0.4347360142002591,0.35444030434922436,0.8090191309926202,0.1383413777578364,0.908786564349801,0.9368286350153783,0.08736746117531889,0.25277201016294515,0.9272440220535597,0.8636770422117602,0.4940452389470183,37594.49609375,567.6002916051925,718.823486328125,34.572608947753906
